Code,Relative value,pc/tc splits,schedule
80047,14.79,0/100,medical
80048,12.94,0/100,medical
80050,33.89,0/100,medical
80051,10.47,0/100,medical
80053,17.87,0/100,medical
80055,38.81,0/100,medical
80061,23.72,0/100,medical
80069,14.17,0/100,medical
80074,57.91,0/100,medical
80076,12.32,0/100,medical
80081,83.06,0/100,medical
80150,27.72,0/100,medical
80155,34.58,0/100,medical
80156,24.64,0/100,medical
80157,24.64,0/100,medical
80158,36.97,0/100,medical
80159,20.36,0/100,medical
80162,23.41,0/100,medical
80163,14.87,0/100,medical
80164,24.64,0/100,medical
80165,14.87,0/100,medical
80168,27.72,0/100,medical
80169,15.19,0/100,medical
80170,24.64,0/100,medical
80171,19.39,0/100,medical
80173,30.81,0/100,medical
80175,14.54,0/100,medical
80176,24.64,0/100,medical
80177,14.54,0/100,medical
80178,14.17,0/100,medical
80180,20.04,0/100,medical
80183,14.54,0/100,medical
80184,24.64,0/100,medical
80185,23.41,0/100,medical
80186,24.64,0/100,medical
80188,24.64,0/100,medical
80190,24.64,0/100,medical
80192,33.89,0/100,medical
80194,24.64,0/100,medical
80195,33.89,0/100,medical
80197,36.97,0/100,medical
80198,23.41,0/100,medical
80199,24.24,0/100,medical
80200,27.72,0/100,medical
80201,24.64,0/100,medical
80202,24.64,0/100,medical
80203,14.54,0/100,medical
80299,30.81,0/100,medical
80305,11.96,0/100,medical
80306,16.16,0/100,medical
80307,30.00,,medical
80320,0.00,,medical
80321,0.00,,medical
80322,0.00,,medical
80323,0.00,,medical
80324,0.00,,medical
80325,0.00,,medical
80326,0.00,,medical
80327,0.00,,medical
80328,0.00,,medical
80329,0.00,,medical
80330,0.00,,medical
80331,0.00,,medical
80332,0.00,,medical
80333,0.00,,medical
80334,0.00,,medical
80335,0.00,,medical
80336,0.00,,medical
80337,0.00,,medical
80338,0.00,,medical
80339,0.00,,medical
80340,0.00,,medical
80341,0.00,,medical
80342,0.00,,medical
80343,0.00,,medical
80344,0.00,,medical
80345,0.00,,medical
80346,0.00,,medical
80347,0.00,,medical
80348,0.00,,medical
80349,0.00,,medical
80350,0.00,,medical
80351,0.00,,medical
80352,0.00,,medical
80353,0.00,,medical
80354,0.00,,medical
80355,0.00,,medical
80356,0.00,,medical
80357,0.00,,medical
80358,0.00,,medical
80359,0.00,,medical
80360,0.00,,medical
80361,0.00,,medical
80362,0.00,,medical
80363,0.00,,medical
80364,0.00,,medical
80365,0.00,,medical
80366,0.00,,medical
80367,0.00,,medical
80368,0.00,,medical
80369,0.00,,medical
80370,0.00,,medical
80371,0.00,,medical
80372,0.00,,medical
80373,0.00,,medical
80374,0.00,,medical
80375,43.26,0/100,medical
80376,64.89,0/100,medical
80377,86.52,0/100,medical
80400,57.91,0/100,medical
80402,106.59,0/100,medical
80406,99.19,0/100,medical
80408,133.08,0/100,medical
80410,118.91,0/100,medical
80412,295.73,0/100,medical
80414,43.74,0/100,medical
80415,43.74,0/100,medical
80416,138.01,0/100,medical
80417,59.15,0/100,medical
80418,823.73,0/100,medical
80420,104.74,0/100,medical
80422,65.31,0/100,medical
80424,63.46,0/100,medical
80426,154.03,0/100,medical
80428,77.01,0/100,medical
80430,93.65,0/100,medical
80432,166.96,0/100,medical
80434,110.90,0/100,medical
80435,117.68,0/100,medical
80436,108.43,0/100,medical
80438,51.75,0/100,medical
80439,64.69,0/100,medical
80500,25.26,,medical
80502,49.29,,medical
81000,7.09,0/100,medical
81001,7.09,0/100,medical
81002,5.54,0/100,medical
81003,5.54,0/100,medical
81005,4.93,0/100,medical
81007,7.39,0/100,medical
81015,5.54,0/100,medical
81020,6.78,0/100,medical
81025,10.47,0/100,medical
81050,4.93,0/100,medical
81099,BR,,medical
81105,135.42,0/100,medical
81106,135.42,0/100,medical
81107,135.42,0/100,medical
81108,135.42,0/100,medical
81109,135.42,0/100,medical
81110,135.42,0/100,medical
81111,135.42,0/100,medical
81112,135.42,0/100,medical
81120,173.56,0/100,medical
81121,265.67,0/100,medical
81161,250.48,0/100,medical
81162,2022.59,0/100,medical
81170,269.23,0/100,medical
81175,634.77,0/100,medical
81176,268.26,0/100,medical
81200,0.00,,medical
81201,0.00,0/100,medical
81202,0.00,0/100,medical
81203,0.00,0/100,medical
81205,0.00,,medical
81206,0.00,,medical
81207,0.00,,medical
81208,0.00,,medical
81209,0.00,,medical
81210,0.00,,medical
81211,0.00,,medical
81212,0.00,,medical
81213,0.00,,medical
81214,0.00,,medical
81215,0.00,,medical
81216,0.00,,medical
81217,0.00,,medical
81218,0.00,0/100,medical
81219,0.00,0/100,medical
81220,0.00,,medical
81221,0.00,,medical
81222,0.00,,medical
81223,0.00,,medical
81224,0.00,,medical
81225,0.00,,medical
81226,0.00,,medical
81227,0.00,,medical
81228,0.00,,medical
81229,0.00,,medical
81230,0.00,0/100,medical
81231,0.00,0/100,medical
81232,0.00,0/100,medical
81235,0.00,0/100,medical
81238,0.00,0/100,medical
81240,0.00,,medical
81241,0.00,,medical
81242,0.00,,medical
81243,0.00,,medical
81244,0.00,,medical
81245,0.00,,medical
81246,0.00,0/100,medical
81247,0.00,0/100,medical
81248,0.00,0/100,medical
81249,0.00,0/100,medical
81250,0.00,,medical
81251,0.00,,medical
81252,0.00,0/100,medical
81253,0.00,0/100,medical
81254,0.00,0/100,medical
81255,0.00,,medical
81256,0.00,,medical
81257,0.00,,medical
81258,0.00,0/100,medical
81259,0.00,0/100,medical
81260,0.00,,medical
81261,0.00,,medical
81262,0.00,,medical
81263,0.00,,medical
81264,0.00,,medical
81265,0.00,,medical
81266,0.00,,medical
81267,0.00,,medical
81268,0.00,,medical
81269,0.00,0/100,medical
81270,0.00,,medical
81272,0.00,0/100,medical
81273,0.00,0/100,medical
81275,0.00,,medical
81276,0.00,0/100,medical
81283,0.00,0/100,medical
81287,0.00,0/100,medical
81288,0.00,0/100,medical
81290,0.00,,medical
81291,0.00,,medical
81292,0.00,,medical
81293,0.00,,medical
81294,0.00,,medical
81295,0.00,,medical
81296,0.00,,medical
81297,0.00,,medical
81298,0.00,,medical
81299,0.00,,medical
81300,0.00,,medical
81301,0.00,,medical
81302,0.00,,medical
81303,0.00,,medical
81304,0.00,,medical
81310,0.00,,medical
81311,0.00,0/100,medical
81313,0.00,0/100,medical
81314,0.00,0/100,medical
81315,0.00,,medical
81316,0.00,,medical
81317,0.00,,medical
81318,0.00,,medical
81319,0.00,,medical
81321,0.00,0/100,medical
81322,0.00,0/100,medical
81323,0.00,0/100,medical
81324,0.00,0/100,medical
81325,0.00,0/100,medical
81326,0.00,0/100,medical
81327,0.00,,medical
81328,0.00,0/100,medical
81330,0.00,,medical
81331,0.00,,medical
81332,0.00,,medical
81334,0.00,0/100,medical
81335,0.00,0/100,medical
81340,0.00,,medical
81341,0.00,,medical
81342,0.00,,medical
81346,0.00,0/100,medical
81350,0.00,,medical
81355,0.00,0/100,medical
81361,0.00,,medical
81362,0.00,0/100,medical
81363,0.00,0/100,medical
81364,0.00,0/100,medical
81370,0.00,,medical
81371,0.00,,medical
81372,0.00,,medical
81373,0.00,,medical
81374,0.00,,medical
81375,0.00,,medical
81376,0.00,,medical
81377,0.00,,medical
81378,0.00,,medical
81379,0.00,,medical
81380,0.00,,medical
81381,0.00,,medical
81382,0.00,,medical
81383,0.00,,medical
81400,0.00,,medical
81401,0.00,,medical
81402,0.00,,medical
81403,0.00,,medical
81404,0.00,,medical
81405,0.00,,medical
81406,0.00,,medical
81407,0.00,,medical
81408,0.00,,medical
81410,0.00,0/100,medical
81411,0.00,0/100,medical
81412,0.00,0/100,medical
81413,0.00,0/100,medical
81414,0.00,0/100,medical
81415,0.00,0/100,medical
81416,0.00,0/100,medical
81417,0.00,0/100,medical
81420,0.00,0/100,medical
81422,0.00,0/100,medical
81425,0.00,,medical
81426,0.00,,medical
81427,0.00,,medical
81430,0.00,0/100,medical
81431,0.00,0/100,medical
81432,0.00,0/100,medical
81433,0.00,0/100,medical
81434,0.00,0/100,medical
81435,0.00,0/100,medical
81436,0.00,0/100,medical
81437,0.00,0/100,medical
81438,0.00,0/100,medical
81439,0.00,0/100,medical
81440,0.00,0/100,medical
81442,0.00,0/100,medical
81445,0.00,0/100,medical
81448,0.00,0/100,medical
81450,0.00,0/100,medical
81455,0.00,0/100,medical
81460,0.00,0/100,medical
81465,0.00,0/100,medical
81470,0.00,,medical
81471,0.00,,medical
81479,0.00,,medical
81490,0.00,0/100,medical
81493,0.00,0/100,medical
81500,0.00,0/100,medical
81503,0.00,0/100,medical
81504,0.00,0/100,medical
81506,0.00,0/100,medical
81507,0.00,0/100,medical
81508,0.00,0/100,medical
81509,0.00,0/100,medical
81510,0.00,0/100,medical
81511,0.00,0/100,medical
81512,0.00,0/100,medical
81519,0.00,0/100,medical
81520,0.00,0/100,medical
81521,0.00,0/100,medical
81525,0.00,0/100,medical
81528,0.00,0/100,medical
81535,0.00,0/100,medical
81536,0.00,0/100,medical
81538,0.00,0/100,medical
81539,0.00,0/100,medical
81540,0.00,0/100,medical
81541,0.00,0/100,medical
81545,0.00,0/100,medical
81551,0.00,,medical
81595,0.00,0/100,medical
81599,0.00,,medical
82009,6.16,0/100,medical
82010,12.32,0/100,medical
82013,24.64,0/100,medical
82016,34.50,0/100,medical
82017,27.11,0/100,medical
82024,55.45,0/100,medical
82030,43.13,0/100,medical
82040,8.01,0/100,medical
82042,9.86,0/100,medical
82043,21.56,0/100,medical
82044,11.09,0/100,medical
82045,44.35,0/100,medical
82075,11.09,0/100,medical
82085,18.48,0/100,medical
82088,49.29,0/100,medical
82103,24.64,0/100,medical
82104,33.89,0/100,medical
82105,28.96,0/100,medical
82106,28.96,0/100,medical
82107,33.89,0/100,medical
82108,36.97,0/100,medical
82120,5.03,0/100,medical
82127,17.87,0/100,medical
82128,17.87,0/100,medical
82131,83.17,0/100,medical
82135,27.11,0/100,medical
82136,83.17,0/100,medical
82139,83.17,0/100,medical
82140,21.56,0/100,medical
82143,22.80,0/100,medical
82150,9.86,0/100,medical
82154,40.05,0/100,medical
82157,36.97,0/100,medical
82160,40.05,0/100,medical
82163,36.97,0/100,medical
82164,30.81,0/100,medical
82172,20.33,0/100,medical
82175,33.89,0/100,medical
82180,17.87,0/100,medical
82190,36.97,0/100,medical
82232,33.89,0/100,medical
82239,19.72,0/100,medical
82240,43.74,0/100,medical
82247,8.01,0/100,medical
82248,8.01,0/100,medical
82252,5.54,0/100,medical
82261,8.63,0/100,medical
82270,6.16,0/100,medical
82271,5.54,0/100,medical
82272,5.54,0/100,medical
82274,30.81,0/100,medical
82286,49.29,0/100,medical
82300,33.89,0/100,medical
82306,46.21,0/100,medical
82308,47.44,0/100,medical
82310,8.01,0/100,medical
82330,22.80,0/100,medical
82331,9.86,0/100,medical
82340,9.86,0/100,medical
82355,21.56,0/100,medical
82360,23.41,0/100,medical
82365,23.41,0/100,medical
82370,21.56,0/100,medical
82373,21.56,0/100,medical
82374,8.01,0/100,medical
82375,20.95,0/100,medical
82376,7.39,0/100,medical
82378,32.04,0/100,medical
82379,32.04,0/100,medical
82380,18.48,0/100,medical
82382,32.04,0/100,medical
82383,46.21,0/100,medical
82384,46.21,0/100,medical
82387,43.13,0/100,medical
82390,19.72,0/100,medical
82397,22.80,0/100,medical
82415,30.81,0/100,medical
82435,8.01,0/100,medical
82436,8.63,0/100,medical
82438,8.63,0/100,medical
82441,22.18,0/100,medical
82465,8.32,0/100,medical
82480,14.79,0/100,medical
82482,22.18,0/100,medical
82485,36.97,0/100,medical
82495,36.97,0/100,medical
82507,46.21,0/100,medical
82523,52.00,0/100,medical
82525,24.64,0/100,medical
82528,36.97,0/100,medical
82530,33.89,0/100,medical
82533,28.96,0/100,medical
82540,8.93,0/100,medical
82542,24.64,0/100,medical
82550,9.24,0/100,medical
82552,24.64,0/100,medical
82553,11.40,0/100,medical
82554,21.56,0/100,medical
82565,8.01,0/100,medical
82570,9.86,0/100,medical
82575,17.87,0/100,medical
82585,12.32,0/100,medical
82595,12.32,0/100,medical
82600,24.64,0/100,medical
82607,24.64,0/100,medical
82608,28.34,0/100,medical
82610,17.93,0/100,medical
82615,18.48,0/100,medical
82626,42.82,0/100,medical
82627,36.97,0/100,medical
82633,49.29,0/100,medical
82634,43.13,0/100,medical
82638,17.25,0/100,medical
82652,49.29,0/100,medical
82656,15.10,0/100,medical
82657,23.59,0/100,medical
82658,25.88,0/100,medical
82664,28.34,0/100,medical
82668,40.05,0/100,medical
82670,28.96,0/100,medical
82671,51.75,0/100,medical
82672,36.97,0/100,medical
82677,26.49,0/100,medical
82679,40.05,0/100,medical
82693,30.81,0/100,medical
82696,43.13,0/100,medical
82705,9.24,0/100,medical
82710,34.50,0/100,medical
82715,14.79,0/100,medical
82725,14.79,0/100,medical
82726,23.59,0/100,medical
82728,22.80,0/100,medical
82731,22.80,0/100,medical
82735,26.49,0/100,medical
82746,25.26,0/100,medical
82747,30.19,0/100,medical
82757,16.02,0/100,medical
82759,19.72,0/100,medical
82760,20.33,0/100,medical
82775,25.88,0/100,medical
82776,8.32,0/100,medical
82777,39.75,0/100,medical
82784,20.95,0/100,medical
82785,26.49,0/100,medical
82787,65.92,0/100,medical
82800,16.02,0/100,medical
82803,31.42,0/100,medical
82805,33.89,0/100,medical
82810,17.25,0/100,medical
82820,21.56,0/100,medical
82930,10.47,0/100,medical
82938,30.19,0/100,medical
82941,30.19,0/100,medical
82943,36.35,0/100,medical
82945,26.49,0/100,medical
82946,20.33,0/100,medical
82947,8.01,0/100,medical
82948,6.16,0/100,medical
82950,10.47,0/100,medical
82951,22.80,0/100,medical
82952,6.16,0/100,medical
82955,23.41,0/100,medical
82960,12.32,0/100,medical
82962,6.16,0/100,medical
82963,30.81,0/100,medical
82965,8.63,0/100,medical
82977,8.01,0/100,medical
82978,21.56,0/100,medical
82979,15.40,0/100,medical
82985,12.94,0/100,medical
83001,30.81,0/100,medical
83002,30.81,0/100,medical
83003,30.81,0/100,medical
83006,67.87,0/100,medical
83009,88.07,0/100,medical
83010,22.80,0/100,medical
83012,24.64,0/100,medical
83013,88.07,0/100,medical
83014,10.38,0/100,medical
83015,40.66,0/100,medical
83018,43.13,0/100,medical
83020,23.10,30/70,medical
83021,30.81,0/100,medical
83026,5.54,0/100,medical
83030,16.02,0/100,medical
83033,9.24,0/100,medical
83036,16.63,0/100,medical
83037,15.40,0/100,medical
83045,6.16,0/100,medical
83050,7.39,0/100,medical
83051,8.01,0/100,medical
83060,14.17,0/100,medical
83065,4.93,0/100,medical
83068,6.78,0/100,medical
83069,4.93,0/100,medical
83070,7.39,0/100,medical
83080,19.10,0/100,medical
83088,47.44,0/100,medical
83090,17.87,0/100,medical
83150,30.81,0/100,medical
83491,36.35,0/100,medical
83497,28.96,0/100,medical
83498,41.89,0/100,medical
83500,30.81,0/100,medical
83505,40.05,0/100,medical
83516,19.72,0/100,medical
83518,12.32,0/100,medical
83519,25.88,0/100,medical
83520,22.18,0/100,medical
83525,24.03,0/100,medical
83527,27.11,0/100,medical
83528,32.04,0/100,medical
83540,8.01,0/100,medical
83550,10.78,0/100,medical
83570,14.79,0/100,medical
83582,25.26,0/100,medical
83586,24.64,0/100,medical
83593,54.22,0/100,medical
83605,19.72,0/100,medical
83615,8.32,0/100,medical
83625,24.64,0/100,medical
83630,18.48,0/100,medical
83631,21.56,0/100,medical
83632,39.43,0/100,medical
83633,7.39,0/100,medical
83655,15.40,0/100,medical
83661,53.11,0/100,medical
83662,15.40,0/100,medical
83663,15.40,0/100,medical
83664,15.40,0/100,medical
83670,22.18,0/100,medical
83690,14.17,0/100,medical
83695,11.71,0/100,medical
83698,21.56,0/100,medical
83700,19.10,0/100,medical
83701,24.64,0/100,medical
83704,27.72,0/100,medical
83718,11.71,0/100,medical
83719,12.94,0/100,medical
83721,12.32,0/100,medical
83727,33.89,0/100,medical
83735,8.63,0/100,medical
83775,14.17,0/100,medical
83785,36.97,0/100,medical
83789,27.72,0/100,medical
83825,32.04,0/100,medical
83835,32.04,0/100,medical
83857,18.48,0/100,medical
83861,21.70,0/100,medical
83864,18.48,0/100,medical
83872,8.01,0/100,medical
83873,33.89,0/100,medical
83874,27.72,0/100,medical
83876,24.64,0/100,medical
83880,36.97,0/100,medical
83883,22.80,0/100,medical
83885,32.96,0/100,medical
83915,17.25,0/100,medical
83916,29.57,0/100,medical
83918,46.21,0/100,medical
83919,30.81,0/100,medical
83921,30.81,0/100,medical
83930,9.24,0/100,medical
83935,13.55,0/100,medical
83937,44.36,0/100,medical
83945,22.18,0/100,medical
83950,32.04,0/100,medical
83951,98.58,0/100,medical
83970,49.29,0/100,medical
83986,6.78,0/100,medical
83987,6.16,0/100,medical
83992,30.81,0/100,medical
83993,33.27,0/100,medical
84030,8.63,0/100,medical
84035,6.16,0/100,medical
84060,15.40,0/100,medical
84066,20.33,0/100,medical
84075,8.32,0/100,medical
84078,15.09,0/100,medical
84080,26.49,0/100,medical
84081,36.97,0/100,medical
84085,16.02,0/100,medical
84087,17.25,0/100,medical
84100,8.01,0/100,medical
84105,9.86,0/100,medical
84106,11.71,0/100,medical
84110,15.40,0/100,medical
84112,17.87,0/100,medical
84119,16.02,0/100,medical
84120,28.96,0/100,medical
84126,27.72,0/100,medical
84132,8.01,0/100,medical
84133,8.63,0/100,medical
84134,18.48,0/100,medical
84135,30.81,0/100,medical
84138,30.81,0/100,medical
84140,36.97,0/100,medical
84143,36.97,0/100,medical
84144,30.81,0/100,medical
84145,34.91,0/100,medical
84146,30.81,0/100,medical
84150,33.89,0/100,medical
84152,30.81,0/100,medical
84153,30.81,0/100,medical
84154,30.81,0/100,medical
84155,8.01,0/100,medical
84156,8.01,0/100,medical
84157,8.01,0/100,medical
84160,6.16,0/100,medical
84163,19.82,0/100,medical
84165,22.18,20/80,medical
84166,22.18,20/80,medical
84181,33.89,30/70,medical
84182,49.29,30/70,medical
84202,19.72,0/100,medical
84203,10.78,0/100,medical
84206,46.21,0/100,medical
84207,46.21,0/100,medical
84210,22.18,0/100,medical
84220,18.48,0/100,medical
84228,24.64,0/100,medical
84233,43.74,0/100,medical
84234,43.74,0/100,medical
84235,43.74,0/100,medical
84238,61.61,0/100,medical
84244,39.43,0/100,medical
84252,25.88,0/100,medical
84255,30.81,0/100,medical
84260,56.68,0/100,medical
84270,32.65,0/100,medical
84275,19.72,0/100,medical
84285,41.89,0/100,medical
84295,8.01,0/100,medical
84300,8.63,0/100,medical
84302,8.63,0/100,medical
84305,46.21,0/100,medical
84307,33.89,0/100,medical
84311,13.55,0/100,medical
84315,4.31,0/100,medical
84375,24.64,0/100,medical
84376,7.23,0/100,medical
84377,7.23,0/100,medical
84378,15.10,0/100,medical
84379,15.10,0/100,medical
84392,7.61,0/100,medical
84402,35.12,0/100,medical
84403,28.96,0/100,medical
84410,56.88,0/100,medical
84425,33.89,0/100,medical
84430,21.56,0/100,medical
84431,22.02,0/100,medical
84432,30.81,0/100,medical
84436,11.09,0/100,medical
84437,12.32,0/100,medical
84439,18.48,0/100,medical
84442,21.56,0/100,medical
84443,25.88,0/100,medical
84445,80.09,0/100,medical
84446,24.64,0/100,medical
84449,29.57,0/100,medical
84450,8.63,0/100,medical
84460,8.63,0/100,medical
84466,21.56,0/100,medical
84478,8.63,0/100,medical
84479,11.09,0/100,medical
84480,24.64,0/100,medical
84481,32.65,0/100,medical
84482,27.72,0/100,medical
84484,12.90,0/100,medical
84485,12.32,0/100,medical
84488,8.01,0/100,medical
84490,9.24,0/100,medical
84510,16.02,0/100,medical
84512,10.06,0/100,medical
84520,8.01,0/100,medical
84525,6.16,0/100,medical
84540,9.86,0/100,medical
84545,12.32,0/100,medical
84550,8.01,0/100,medical
84560,9.86,0/100,medical
84577,12.32,0/100,medical
84578,5.54,0/100,medical
84580,11.71,0/100,medical
84583,5.54,0/100,medical
84585,30.81,0/100,medical
84586,47.44,0/100,medical
84588,50.52,0/100,medical
84590,28.96,0/100,medical
84591,28.34,0/100,medical
84597,28.34,0/100,medical
84600,21.56,0/100,medical
84620,27.11,0/100,medical
84630,24.64,0/100,medical
84681,36.97,0/100,medical
84702,24.64,0/100,medical
84703,14.17,0/100,medical
84704,23.41,0/100,medical
84830,15.40,0/100,medical
84999,BR,,medical
85002,12.94,0/100,medical
85004,9.24,0/100,medical
85007,7.39,0/100,medical
85008,4.93,0/100,medical
85009,7.39,0/100,medical
85013,5.54,0/100,medical
85014,5.54,0/100,medical
85018,5.54,0/100,medical
85025,11.40,0/100,medical
85027,10.78,0/100,medical
85032,9.24,0/100,medical
85041,8.63,0/100,medical
85044,9.24,0/100,medical
85045,8.63,0/100,medical
85046,7.23,0/100,medical
85048,8.63,0/100,medical
85049,8.63,0/100,medical
85055,34.91,0/100,medical
85060,21.56,,medical
85097,55.45,,medical
85130,18.48,0/100,medical
85170,6.47,0/100,medical
85175,12.32,0/100,medical
85210,18.48,0/100,medical
85220,36.97,0/100,medical
85230,36.97,0/100,medical
85240,40.05,0/100,medical
85244,49.29,0/100,medical
85245,30.81,0/100,medical
85246,49.29,0/100,medical
85247,49.29,0/100,medical
85250,40.05,0/100,medical
85260,36.97,0/100,medical
85270,40.05,0/100,medical
85280,40.05,0/100,medical
85290,36.97,0/100,medical
85291,17.87,0/100,medical
85292,36.97,0/100,medical
85293,36.97,0/100,medical
85300,32.65,0/100,medical
85301,30.81,0/100,medical
85302,33.89,0/100,medical
85303,36.97,0/100,medical
85305,40.05,0/100,medical
85306,40.05,0/100,medical
85307,33.89,0/100,medical
85335,16.63,0/100,medical
85337,30.81,0/100,medical
85345,6.16,0/100,medical
85347,6.16,0/100,medical
85348,9.86,0/100,medical
85360,19.72,0/100,medical
85362,13.55,0/100,medical
85366,19.72,0/100,medical
85370,19.72,0/100,medical
85378,16.02,0/100,medical
85379,18.48,0/100,medical
85380,18.48,0/100,medical
85384,12.32,0/100,medical
85385,15.40,0/100,medical
85390,15.40,,medical
85396,15.40,,medical
85397,24.64,0/100,medical
85400,29.57,0/100,medical
85410,29.57,0/100,medical
85415,22.80,0/100,medical
85420,29.57,0/100,medical
85421,36.97,0/100,medical
85441,5.54,0/100,medical
85445,8.63,0/100,medical
85460,16.63,0/100,medical
85461,16.63,0/100,medical
85475,20.95,0/100,medical
85520,24.64,0/100,medical
85525,24.64,0/100,medical
85530,24.64,0/100,medical
85536,10.47,0/100,medical
85540,15.40,0/100,medical
85547,14.17,0/100,medical
85549,31.42,0/100,medical
85555,15.40,0/100,medical
85557,30.81,0/100,medical
85576,30.81,20/80,medical
85597,21.56,0/100,medical
85598,25.88,0/100,medical
85610,8.63,0/100,medical
85611,9.24,0/100,medical
85612,17.25,0/100,medical
85613,20.33,0/100,medical
85635,12.32,0/100,medical
85651,7.70,0/100,medical
85652,7.70,0/100,medical
85660,8.63,0/100,medical
85670,11.71,0/100,medical
85675,12.94,0/100,medical
85705,23.41,0/100,medical
85730,10.47,0/100,medical
85732,12.32,0/100,medical
85810,14.17,0/100,medical
85999,BR,,medical
86000,14.17,0/100,medical
86001,6.78,0/100,medical
86003,6.78,0/100,medical
86005,30.81,0/100,medical
86008,20.04,0/100,medical
86021,36.97,0/100,medical
86022,56.07,0/100,medical
86023,30.81,0/100,medical
86038,21.56,0/100,medical
86039,21.56,0/100,medical
86060,14.79,0/100,medical
86063,11.09,0/100,medical
86077,38.81,,medical
86078,44.98,,medical
86079,27.72,,medical
86140,11.71,0/100,medical
86141,14.79,0/100,medical
86146,43.13,0/100,medical
86147,43.13,0/100,medical
86148,21.07,0/100,medical
86152,272.46,0/100,medical
86153,BR,,medical
86155,16.63,0/100,medical
86156,11.09,0/100,medical
86157,14.17,0/100,medical
86160,27.11,0/100,medical
86161,27.11,0/100,medical
86162,38.20,0/100,medical
86171,17.87,0/100,medical
86200,24.64,0/100,medical
86215,24.03,0/100,medical
86225,26.49,0/100,medical
86226,26.49,0/100,medical
86235,23.41,0/100,medical
86255,21.56,0/100,medical
86256,26.49,0/100,medical
86277,21.56,0/100,medical
86280,17.87,0/100,medical
86294,32.04,0/100,medical
86300,32.04,0/100,medical
86301,32.04,0/100,medical
86304,32.04,0/100,medical
86305,27.36,0/100,medical
86308,10.47,0/100,medical
86309,13.55,0/100,medical
86310,15.40,0/100,medical
86316,32.04,0/100,medical
86317,14.79,0/100,medical
86318,14.79,0/100,medical
86320,38.81,20/80,medical
86325,40.05,20/80,medical
86327,30.81,20/80,medical
86329,29.57,0/100,medical
86331,27.72,0/100,medical
86332,35.12,0/100,medical
86334,33.27,20/80,medical
86335,33.27,20/80,medical
86336,30.81,0/100,medical
86337,38.81,0/100,medical
86340,27.11,0/100,medical
86341,21.56,0/100,medical
86343,26.49,0/100,medical
86344,15.40,0/100,medical
86352,177.71,0/100,medical
86353,86.25,0/100,medical
86355,40.05,0/100,medical
86356,30.81,0/100,medical
86357,40.05,0/100,medical
86359,40.66,0/100,medical
86360,61.61,0/100,medical
86361,51.14,0/100,medical
86367,40.05,0/100,medical
86376,25.88,0/100,medical
86382,28.34,0/100,medical
86384,21.56,0/100,medical
86386,20.76,0/100,medical
86403,9.86,0/100,medical
86406,11.40,0/100,medical
86430,11.71,0/100,medical
86431,13.55,0/100,medical
86480,20.33,0/100,medical
86481,20.33,0/100,medical
86485,9.24,0/100,medical
86486,6.16,0/100,medical
86490,8.63,0/100,medical
86510,9.24,0/100,medical
86580,8.01,0/100,medical
86590,11.09,0/100,medical
86592,8.01,0/100,medical
86593,8.63,0/100,medical
86602,24.64,0/100,medical
86603,24.64,0/100,medical
86606,27.11,0/100,medical
86609,33.89,0/100,medical
86611,27.72,0/100,medical
86612,27.11,0/100,medical
86615,30.81,0/100,medical
86617,32.65,0/100,medical
86618,30.81,0/100,medical
86619,24.64,0/100,medical
86622,18.48,0/100,medical
86625,30.81,0/100,medical
86628,29.57,0/100,medical
86631,21.56,0/100,medical
86632,24.03,0/100,medical
86635,29.57,0/100,medical
86638,24.64,0/100,medical
86641,18.48,0/100,medical
86644,28.34,0/100,medical
86645,31.42,0/100,medical
86648,27.11,0/100,medical
86651,24.64,0/100,medical
86652,24.64,0/100,medical
86653,24.64,0/100,medical
86654,24.64,0/100,medical
86658,24.64,0/100,medical
86663,29.57,0/100,medical
86664,29.57,0/100,medical
86665,32.04,0/100,medical
86666,27.72,0/100,medical
86668,18.48,0/100,medical
86671,33.89,0/100,medical
86674,24.64,0/100,medical
86677,33.27,0/100,medical
86682,33.89,0/100,medical
86684,30.81,0/100,medical
86687,24.64,0/100,medical
86688,23.41,0/100,medical
86689,32.65,0/100,medical
86692,30.81,0/100,medical
86694,27.11,0/100,medical
86695,27.11,0/100,medical
86696,27.11,0/100,medical
86698,24.64,0/100,medical
86701,20.95,0/100,medical
86702,30.81,0/100,medical
86703,20.95,0/100,medical
86704,21.56,0/100,medical
86705,23.41,0/100,medical
86706,19.10,0/100,medical
86707,20.95,0/100,medical
86708,22.80,0/100,medical
86709,21.56,0/100,medical
86710,20.33,0/100,medical
86711,15.84,0/100,medical
86713,29.57,0/100,medical
86717,24.64,0/100,medical
86720,24.64,0/100,medical
86723,24.64,0/100,medical
86727,24.64,0/100,medical
86732,24.64,0/100,medical
86735,24.64,0/100,medical
86738,24.64,0/100,medical
86741,24.64,0/100,medical
86744,24.64,0/100,medical
86747,30.81,0/100,medical
86750,24.64,0/100,medical
86753,33.89,0/100,medical
86756,24.64,0/100,medical
86757,24.64,0/100,medical
86759,24.64,0/100,medical
86762,14.17,0/100,medical
86765,30.81,0/100,medical
86768,24.64,0/100,medical
86771,24.64,0/100,medical
86774,30.81,0/100,medical
86777,23.41,0/100,medical
86778,28.96,0/100,medical
86780,20.95,0/100,medical
86784,24.64,0/100,medical
86787,27.11,0/100,medical
86788,27.72,0/100,medical
86789,27.72,0/100,medical
86790,33.89,0/100,medical
86793,24.64,0/100,medical
86794,18.75,0/100,medical
86800,26.49,0/100,medical
86803,30.19,0/100,medical
86804,43.13,0/100,medical
86805,91.18,0/100,medical
86806,30.19,0/100,medical
86807,30.19,0/100,medical
86808,33.89,0/100,medical
86812,43.13,0/100,medical
86813,61.61,0/100,medical
86816,58.53,0/100,medical
86817,168.20,0/100,medical
86821,131.23,0/100,medical
86825,105.05,0/100,medical
86826,34.91,0/100,medical
86828,57.53,0/100,medical
86829,57.53,0/100,medical
86830,89.53,0/100,medical
86831,76.60,0/100,medical
86832,290.56,0/100,medical
86833,292.50,0/100,medical
86834,396.24,0/100,medical
86835,358.11,0/100,medical
86849,BR,,medical
86850,12.32,0/100,medical
86860,12.32,0/100,medical
86870,21.56,0/100,medical
86880,6.78,0/100,medical
86885,8.63,0/100,medical
86886,11.09,0/100,medical
86890,49.29,0/100,medical
86891,77.01,0/100,medical
86900,6.78,0/100,medical
86901,6.16,0/100,medical
86902,6.78,0/100,medical
86904,9.24,0/100,medical
86905,7.39,0/100,medical
86906,10.47,0/100,medical
86910,13.55,0/100,medical
86911,10.47,0/100,medical
86920,13.55,0/100,medical
86921,12.32,0/100,medical
86922,7.39,0/100,medical
86923,15.40,0/100,medical
86927,6.78,0/100,medical
86930,61.61,0/100,medical
86931,67.77,0/100,medical
86932,73.93,0/100,medical
86940,12.94,0/100,medical
86941,13.55,0/100,medical
86945,18.48,0/100,medical
86950,33.89,0/100,medical
86960,12.32,0/100,medical
86965,8.63,0/100,medical
86970,9.86,0/100,medical
86971,9.86,0/100,medical
86972,9.24,0/100,medical
86975,6.16,0/100,medical
86976,4.93,0/100,medical
86977,6.16,0/100,medical
86978,13.55,0/100,medical
86985,12.94,0/100,medical
86999,BR,,medical
87003,24.64,0/100,medical
87015,12.94,0/100,medical
87040,17.25,0/100,medical
87045,17.25,0/100,medical
87046,17.25,0/100,medical
87070,16.64,0/100,medical
87071,17.25,0/100,medical
87073,19.10,0/100,medical
87075,19.10,0/100,medical
87076,19.10,0/100,medical
87077,19.10,0/100,medical
87081,9.86,0/100,medical
87084,12.32,0/100,medical
87086,15.40,0/100,medical
87088,14.79,0/100,medical
87101,12.94,0/100,medical
87102,16.02,0/100,medical
87103,18.48,0/100,medical
87106,16.63,0/100,medical
87107,16.63,0/100,medical
87109,35.43,0/100,medical
87110,24.64,0/100,medical
87116,19.72,0/100,medical
87118,16.02,0/100,medical
87140,9.86,0/100,medical
87143,23.41,0/100,medical
87147,8.63,0/100,medical
87149,24.64,0/100,medical
87150,24.64,0/100,medical
87152,8.63,0/100,medical
87153,25.88,0/100,medical
87158,8.32,0/100,medical
87164,18.48,80/20,medical
87166,15.40,0/100,medical
87168,4.93,0/100,medical
87169,4.93,0/100,medical
87172,4.93,0/100,medical
87176,11.09,0/100,medical
87177,18.48,0/100,medical
87181,10.47,0/100,medical
87184,12.32,0/100,medical
87185,12.32,0/100,medical
87186,14.17,0/100,medical
87187,14.17,0/100,medical
87188,14.17,0/100,medical
87190,9.24,0/100,medical
87197,19.72,0/100,medical
87205,8.01,0/100,medical
87206,14.17,0/100,medical
87207,16.02,0/100,medical
87209,8.01,0/100,medical
87210,7.39,0/100,medical
87220,9.24,0/100,medical
87230,27.72,0/100,medical
87250,33.27,0/100,medical
87252,30.81,0/100,medical
87253,30.81,0/100,medical
87254,30.81,0/100,medical
87255,30.81,0/100,medical
87260,24.64,0/100,medical
87265,24.64,0/100,medical
87267,24.64,0/100,medical
87269,24.64,0/100,medical
87270,24.64,0/100,medical
87271,24.64,0/100,medical
87272,24.64,0/100,medical
87273,24.64,0/100,medical
87274,24.64,0/100,medical
87275,24.64,0/100,medical
87276,24.64,0/100,medical
87278,24.64,0/100,medical
87279,24.64,0/100,medical
87280,24.64,0/100,medical
87281,24.64,0/100,medical
87283,24.64,0/100,medical
87285,24.64,0/100,medical
87290,24.64,0/100,medical
87299,24.64,0/100,medical
87300,19.72,0/100,medical
87301,13.55,0/100,medical
87305,19.72,0/100,medical
87320,13.55,0/100,medical
87324,13.55,0/100,medical
87327,13.55,0/100,medical
87328,13.55,0/100,medical
87329,13.55,0/100,medical
87332,13.55,0/100,medical
87335,13.55,0/100,medical
87336,13.55,0/100,medical
87337,13.55,0/100,medical
87338,19.72,0/100,medical
87339,13.55,0/100,medical
87340,17.87,0/100,medical
87341,13.55,0/100,medical
87350,20.95,0/100,medical
87380,23.41,0/100,medical
87385,13.55,0/100,medical
87389,31.45,0/100,medical
87390,28.96,0/100,medical
87391,28.96,0/100,medical
87400,13.55,0/100,medical
87420,13.55,0/100,medical
87425,13.55,0/100,medical
87427,13.55,0/100,medical
87430,13.55,0/100,medical
87449,13.55,0/100,medical
87450,13.55,0/100,medical
87451,19.72,0/100,medical
87471,49.29,0/100,medical
87472,49.60,0/100,medical
87475,24.64,0/100,medical
87476,49.29,0/100,medical
87480,24.64,0/100,medical
87481,49.29,0/100,medical
87482,49.60,0/100,medical
87483,461.85,0/100,medical
87485,24.64,0/100,medical
87486,49.29,0/100,medical
87487,49.60,0/100,medical
87490,24.64,0/100,medical
87491,49.29,0/100,medical
87492,49.60,0/100,medical
87493,44.36,0/100,medical
87495,24.64,0/100,medical
87496,49.29,0/100,medical
87497,49.60,0/100,medical
87498,67.77,0/100,medical
87500,67.77,0/100,medical
87501,67.77,0/100,medical
87502,67.77,0/100,medical
87503,67.77,0/100,medical
87505,142.21,0/100,medical
87506,236.58,0/100,medical
87507,461.85,0/100,medical
87510,24.64,0/100,medical
87511,49.29,0/100,medical
87512,49.60,0/100,medical
87516,49.29,0/100,medical
87517,49.60,0/100,medical
87520,24.64,0/100,medical
87521,49.29,0/100,medical
87522,49.60,0/100,medical
87525,24.64,0/100,medical
87526,49.29,0/100,medical
87527,49.60,0/100,medical
87528,24.64,0/100,medical
87529,49.29,0/100,medical
87530,49.60,0/100,medical
87531,24.64,0/100,medical
87532,49.29,0/100,medical
87533,49.60,0/100,medical
87534,24.64,0/100,medical
87535,49.29,0/100,medical
87536,49.60,0/100,medical
87537,24.64,0/100,medical
87538,49.29,0/100,medical
87539,49.60,0/100,medical
87540,24.64,0/100,medical
87541,49.29,0/100,medical
87542,49.60,0/100,medical
87550,24.64,0/100,medical
87551,49.29,0/100,medical
87552,49.60,0/100,medical
87555,24.64,0/100,medical
87556,49.29,0/100,medical
87557,49.60,0/100,medical
87560,24.64,0/100,medical
87561,49.29,0/100,medical
87562,49.60,0/100,medical
87580,24.64,0/100,medical
87581,49.29,0/100,medical
87582,49.60,0/100,medical
87590,24.64,0/100,medical
87591,49.29,0/100,medical
87592,49.60,0/100,medical
87623,38.78,0/100,medical
87624,38.78,0/100,medical
87625,38.78,0/100,medical
87631,142.21,0/100,medical
87632,236.58,0/100,medical
87633,461.85,0/100,medical
87634,77.89,0/100,medical
87640,49.29,0/100,medical
87641,49.29,0/100,medical
87650,24.64,0/100,medical
87651,49.29,0/100,medical
87652,49.60,0/100,medical
87653,49.29,0/100,medical
87660,24.64,0/100,medical
87661,38.78,0/100,medical
87662,56.88,0/100,medical
87797,24.64,0/100,medical
87798,49.29,0/100,medical
87799,49.60,0/100,medical
87800,52.53,0/100,medical
87801,91.84,0/100,medical
87802,21.56,0/100,medical
87803,21.56,0/100,medical
87804,21.56,0/100,medical
87806,29.41,0/100,medical
87807,21.56,0/100,medical
87808,24.64,0/100,medical
87809,24.64,0/100,medical
87810,21.56,0/100,medical
87850,21.56,0/100,medical
87880,21.56,0/100,medical
87899,21.56,0/100,medical
87900,170.47,0/100,medical
87901,273.55,0/100,medical
87902,273.55,0/100,medical
87903,492.88,0/100,medical
87904,138.01,0/100,medical
87905,30.81,0/100,medical
87906,30.81,0/100,medical
87910,285.39,0/100,medical
87912,285.39,0/100,medical
87999,BR,,medical
88000,155.26,,medical
88005,172.51,,medical
88007,189.76,,medical
88012,142.94,,medical
88014,142.94,,medical
88016,173.74,,medical
88020,223.03,,medical
88025,240.28,,medical
88027,257.53,,medical
88028,142.94,,medical
88029,142.94,,medical
88036,92.42,,medical
88037,67.77,,medical
88040,369.66,,medical
88045,30.81,,medical
88099,BR,,medical
88104,30.81,80/20,medical
88106,27.11,80/20,medical
88108,35.12,80/20,medical
88112,73.93,80/20,medical
88120,252.60,11/89,medical
88121,215.64,11/89,medical
88125,24.64,90/10,medical
88130,15.40,10/90,medical
88140,12.32,0/100,medical
88141,15.40,,medical
88142,10.47,0/100,medical
88143,11.52,0/100,medical
88147,11.00,0/100,medical
88148,11.52,0/100,medical
88150,10.47,0/100,medical
88152,11.00,0/100,medical
88153,11.52,0/100,medical
88155,11.55,0/100,medical
88160,21.56,80/20,medical
88161,24.64,70/30,medical
88162,41.28,70/30,medical
88164,10.47,0/100,medical
88165,11.52,0/100,medical
88166,11.00,0/100,medical
88167,12.04,0/100,medical
88172,44.36,,medical
88173,57.91,85/15,medical
88174,11.09,0/100,medical
88175,12.01,0/100,medical
88177,8.63,75/25,medical
88182,156.49,20/80,medical
88184,67.16,0/100,medical
88185,33.27,0/100,medical
88187,49.29,,medical
88188,61.61,,medical
88189,81.33,,medical
88199,BR,,medical
88230,66.54,0/100,medical
88233,25.26,0/100,medical
88235,141.70,0/100,medical
88237,109.05,0/100,medical
88239,43.13,0/100,medical
88240,61.61,0/100,medical
88241,67.77,0/100,medical
88245,83.17,0/100,medical
88248,166.35,0/100,medical
88249,184.83,0/100,medical
88261,144.78,0/100,medical
88262,215.64,0/100,medical
88263,221.80,0/100,medical
88264,184.83,0/100,medical
88267,243.36,0/100,medical
88269,213.79,0/100,medical
88271,27.99,0/100,medical
88272,34.91,0/100,medical
88273,42.15,0/100,medical
88274,45.61,0/100,medical
88275,52.53,0/100,medical
88280,70.24,0/100,medical
88283,55.45,0/100,medical
88285,64.69,0/100,medical
88289,46.21,0/100,medical
88291,24.64,,medical
88299,BR,,medical
88300,17.25,70/30,medical
88302,33.89,60/40,medical
88304,44.36,60/40,medical
88305,64.07,70/30,medical
88307,102.89,75/25,medical
88309,142.94,75/25,medical
88311,16.63,80/20,medical
88312,24.64,80/20,medical
88313,18.48,80/20,medical
88314,33.89,70/30,medical
88319,41.89,80/20,medical
88321,55.45,,medical
88323,64.69,80/20,medical
88325,86.25,,medical
88329,40.66,,medical
88331,78.24,75/25,medical
88332,46.82,75/25,medical
88333,49.29,75/25,medical
88334,25.26,75/25,medical
88341,85.00,32/68,medical
88342,61.61,80/20,medical
88344,160.31,23/77,medical
88346,44.98,80/20,medical
88348,184.83,70/30,medical
88350,66.26,41/59,medical
88355,147.25,75/25,medical
88356,135.54,75/25,medical
88358,121.99,75/25,medical
88360,72.70,55/45,medical
88361,78.25,80/20,medical
88362,83.17,75/25,medical
88363,19.72,,medical
88364,121.20,27/73,medical
88365,84.41,50/50,medical
88366,240.78,24/76,medical
88367,138.62,35/65,medical
88368,125.68,40/60,medical
88369,100.19,30/70,medical
88371,36.97,20/80,medical
88372,52.37,20/80,medical
88373,72.07,36/64,medical
88374,315.44,13/87,medical
88375,46.86,,medical
88377,374.91,16/84,medical
88380,86.25,41/59,medical
88381,120.14,27/73,medical
88387,19.72,80/20,medical
88388,12.32,83/17,medical
88399,BR,,medical
88720,6.16,,medical
88738,6.16,,medical
88740,6.16,,medical
88741,6.16,,medical
88749,0.00,,medical
89049,75.16,,medical
89050,9.86,0/100,medical
89051,11.71,0/100,medical
89055,9.86,0/100,medical
89060,11.71,0/100,medical
89125,9.24,0/100,medical
89160,5.54,0/100,medical
89190,8.63,0/100,medical
89220,12.94,0/100,medical
89230,24.64,0/100,medical
89240,BR,0/100,medical
89250,414.64,0/100,medical
89251,431.27,0/100,medical
89253,BR,0/100,medical
89254,BR,0/100,medical
89255,BR,0/100,medical
89257,BR,0/100,medical
89258,BR,0/100,medical
89259,BR,0/100,medical
89260,BR,0/100,medical
89261,BR,0/100,medical
89264,BR,0/100,medical
89268,BR,0/100,medical
89272,BR,0/100,medical
89280,BR,0/100,medical
89281,BR,0/100,medical
89290,BR,0/100,medical
89291,BR,0/100,medical
89300,21.56,0/100,medical
89310,20.33,0/100,medical
89320,30.81,0/100,medical
89321,18.48,0/100,medical
89322,43.13,0/100,medical
89325,52.37,0/100,medical
89329,138.62,0/100,medical
89330,35.12,0/100,medical
89331,25.48,0/100,medical
89335,BR,0/100,medical
89337,BR,,medical
89342,BR,0/100,medical
89343,BR,0/100,medical
89344,BR,0/100,medical
89346,BR,0/100,medical
89352,BR,0/100,medical
89353,BR,0/100,medical
89354,BR,0/100,medical
89356,BR,0/100,medical
89398,BR,,medical
